<?xml version="1.0" encoding="UTF-8" standalone="yes"?>
<part>
    <author>Andreas Kraemer - www.andysarcade.de</author>
    <license>Creative Commons Attribution 3.0 Unported License(CC BY 3.0)</license>
    <width>64</width>
    <height>160</height>
    <xLoc>0</xLoc>
    <yLoc>0</yLoc>
    <name>74fct574</name>
    <imageName>74fct574.png</imageName>
    <description>IC DIL</description>
    <packageType>DIL 20</packageType>
    <rotation>0</rotation>
    <designator>0</designator>
</part>
