<?xml version="1.0" encoding="UTF-8" standalone="yes"?>

<!--

  This file describes an electronic component for the
  open source project BlackBoard breadboard designer.
  Visit http://blackboard.serverpool.org/ for more
  information and additional components.

-->

<part>
    <author>Gerd Bartelt - www.sebulli.com</author>
    <license>Creative Commons Attribution 3.0 Unported License(CC BY 3.0)</license>
    <width>208</width>
    <height>96</height>
    <xLoc>0</xLoc>
    <yLoc>0</yLoc>
    <name>Battery Clip</name>
    <imageName>bat_Clip.png</imageName>
    <description>Clip for 9V Batteries</description>
    <packageType>BAT</packageType>
    <rotation>0</rotation>
    <designator>BAT</designator>

    <connections>
      <pin>
        <num>1</num>
        <x>56</x>
        <y>56</y>
      </pin>
      <pin>
        <num>2</num>
        <x>120</x>
        <y>56</y>
      </pin>
    </connections>

    <sebulli-pin1>56,56</sebulli-pin1>
    <sebulli-pins>0,0/4,0</sebulli-pins>
</part>
