<?xml version="1.0" encoding="UTF-8" standalone="yes"?>

<!--

  This file describes an electronic component for the
  open source project BlackBoard breadboard designer.
  Visit http://blackboard.serverpool.org/ for more
  information and additional components.

-->

<part>
    <author>Gerd Bartelt - www.sebulli.com</author>
    <license>Creative Commons Attribution 3.0 Unported License(CC BY 3.0)</license>
    <width>1120</width>
    <height>448</height>
    <xLoc>0</xLoc>
    <yLoc>0</yLoc>
    <name>Breadboard</name>
    <imageName>breadboard.png</imageName>
    <description>Breadboard</description>
    <packageType>Breadboard</packageType>
    <rotation>0</rotation>
    <designator>B</designator>
</part>
