<?xml version="1.0" encoding="UTF-8" standalone="yes"?>

<!--

  This file describes an electronic component for the
  open source project BlackBoard breadboard designer.
  Visit http://blackboard.serverpool.org/ for more
  information and additional components.

-->

<part>
    <author>Gerd Bartelt - www.sebulli.com</author>
    <license>Creative Commons Attribution 3.0 Unported License(CC BY 3.0)</license>
    <width>144</width>
    <height>80</height>
    <xLoc>0</xLoc>
    <yLoc>0</yLoc>
    <name>ElCap Ax 8x18mm</name>
    <imageName>c_ElCapAx_8x18mm.png</imageName>
    <description>Electrolytic Capacitor 8 x 18mm</description>
    <packageType>ELCAP</packageType>
    <rotation>0</rotation>
    <designator>C</designator>

    <connections>
      <pin>
        <num>P</num>
        <x>8</x>
        <y>40</y>
      </pin>
      <pin>
        <num>N</num>
        <x>136</x>
        <y>40</y>
      </pin>
    </connections>

    <sebulli-pin1>8,40</sebulli-pin1>
    <sebulli-pins>0,0/8,0</sebulli-pins>
    <sebulli-pinnames>P,N</sebulli-pinnames>
</part>
