<?xml version="1.0" encoding="UTF-8" standalone="yes"?>

<!--

  This file describes an electronic component for the
  open source project BlackBoard breadboard designer.
  Visit http://blackboard.serverpool.org/ for more
  information and additional components.

-->

<part>
    <author>Gerd Bartelt - www.sebulli.com</author>
    <license>Creative Commons Attribution 3.0 Unported License(CC BY 3.0)</license>
    <width>32</width>
    <height>48</height>
    <xLoc>0</xLoc>
    <yLoc>0</yLoc>
    <name>ElCap Rad R2.5 4mm</name>
    <imageName>c_ElCapRad_R2.5_4mm.png</imageName>
    <description>Electrolytic Capacitor radial, R2.5mm, Diameter 4mm</description>
    <packageType>ELCAPRAD</packageType>
    <rotation>0</rotation>
    <designator>C</designator>

    <connections>
      <pin>
        <num>N</num>
        <x>8</x>
        <y>24</y>
      </pin>
      <pin>
        <num>P</num>
        <x>24</x>
        <y>24</y>
      </pin>
    </connections>

    <sebulli-pin1>8,24</sebulli-pin1>
    <sebulli-pins>0,0/1,0</sebulli-pins>
    <sebulli-pinnames>N,P</sebulli-pinnames>
</part>
