<?xml version="1.0" encoding="UTF-8" standalone="yes"?>

<!--

  This file describes an electronic component for the
  open source project BlackBoard breadboard designer.
  Visit http://blackboard.serverpool.org/ for more
  information and additional components.

-->

<part>
    <author>Gerd Bartelt - www.sebulli.com</author>
    <license>Creative Commons Attribution 3.0 Unported License(CC BY 3.0)</license>
    <width>144</width>
    <height>144</height>
    <xLoc>0</xLoc>
    <yLoc>0</yLoc>
    <name>ElCap Rad R5 20mm</name>
    <imageName>c_ElCapRad_R5_20mm.png</imageName>
    <description>Electrolytic Capacitor radial, R5mm, Diameter 20mm</description>
    <packageType>ELCAPRAD</packageType>
    <rotation>0</rotation>
    <designator>C</designator>

    <connections>
      <pin>
        <num>N</num>
        <x>56</x>
        <y>72</y>
      </pin>
      <pin>
        <num>P</num>
        <x>88</x>
        <y>72</y>
      </pin>
    </connections>

    <sebulli-pin1>56,72</sebulli-pin1>
    <sebulli-pins>0,0/2,0</sebulli-pins>
    <sebulli-pinnames>N,P</sebulli-pinnames>
</part>
