<?xml version="1.0" encoding="UTF-8" standalone="yes"?>

<!--

  This file describes an electronic component for the
  open source project BlackBoard breadboard designer.
  Visit http://blackboard.serverpool.org/ for more
  information and additional components.

-->

<part>
    <author>Gerd Bartelt - www.sebulli.com</author>
    <license>Creative Commons Attribution 3.0 Unported License(CC BY 3.0)</license>
    <width>128</width>
    <height>112</height>
    <xLoc>0</xLoc>
    <yLoc>0</yLoc>
    <name>ElCap Rad R7.5 16mm</name>
    <imageName>c_ElCapRad_R7.5_16mm.png</imageName>
    <description>Electrolytic Capacitor radial, R7.5mm, Diameter 16mm</description>
    <packageType>ELCAPRAD</packageType>
    <rotation>0</rotation>
    <designator>C</designator>

    <connections>
      <pin>
        <num>N</num>
        <x>40</x>
        <y>56</y>
      </pin>
      <pin>
        <num>P</num>
        <x>88</x>
        <y>56</y>
      </pin>
    </connections>

    <sebulli-pin1>40,56</sebulli-pin1>
    <sebulli-pins>0,0/3,0</sebulli-pins>
    <sebulli-pinnames>N,P</sebulli-pinnames>
</part>
