<?xml version="1.0" encoding="UTF-8" standalone="yes"?>
<part>
    <author>Gerd Bartelt - www.sebulli.com</author>
    <license>Creative Commons Attribution 3.0 Unported License(CC BY 3.0)</license>
    <width>64</width>
    <height>48</height>
    <xLoc>0</xLoc>
    <yLoc>0</yLoc>
    <name>Tantalum R2.5 6.5mm</name>
    <imageName>c_Tantal_RM2.5_6.5mm.png</imageName>
    <description>Tantalum Capacitor, R2.5mm, diameter: 6.5mm</description>
    <packageType>CTANTAL</packageType>
    <rotation>0</rotation>
</part>
