<?xml version="1.0" encoding="UTF-8" standalone="yes"?>

<!--

  This file describes an electronic component for the
  open source project BlackBoard breadboard designer.
  Visit http://blackboard.serverpool.org/ for more
  information and additional components.

-->

<part>
    <author>Gerd Bartelt - www.sebulli.com</author>
    <license>Creative Commons Attribution 3.0 Unported License(CC BY 3.0)</license>
    <width>608</width>
    <height>128</height>
    <xLoc>0</xLoc>
    <yLoc>0</yLoc>
    <name>DIN41612 96 M</name>
    <imageName>con_DIN41612_96_M.png</imageName>
    <description>Connector DIN41612 3x32Pin horizontal, male</description>
    <packageType>CONNECTOR</packageType>
    <rotation>0</rotation>
    <designator>J</designator>

    <connections>
      <pin>
        <num>1A</num>
        <x>568</x>
        <y>8</y>
      </pin>
      <pin>
        <num>2A</num>
        <x>552</x>
        <y>8</y>
      </pin>
      <pin>
        <num>3A</num>
        <x>536</x>
        <y>8</y>
      </pin>
      <pin>
        <num>4A</num>
        <x>520</x>
        <y>8</y>
      </pin>
      <pin>
        <num>5A</num>
        <x>504</x>
        <y>8</y>
      </pin>
      <pin>
        <num>6A</num>
        <x>488</x>
        <y>8</y>
      </pin>
      <pin>
        <num>7A</num>
        <x>472</x>
        <y>8</y>
      </pin>
      <pin>
        <num>8A</num>
        <x>456</x>
        <y>8</y>
      </pin>
      <pin>
        <num>9A</num>
        <x>440</x>
        <y>8</y>
      </pin>
      <pin>
        <num>10A</num>
        <x>424</x>
        <y>8</y>
      </pin>
      <pin>
        <num>11A</num>
        <x>408</x>
        <y>8</y>
      </pin>
      <pin>
        <num>12A</num>
        <x>392</x>
        <y>8</y>
      </pin>
      <pin>
        <num>13A</num>
        <x>376</x>
        <y>8</y>
      </pin>
      <pin>
        <num>14A</num>
        <x>360</x>
        <y>8</y>
      </pin>
      <pin>
        <num>15A</num>
        <x>344</x>
        <y>8</y>
      </pin>
      <pin>
        <num>16A</num>
        <x>328</x>
        <y>8</y>
      </pin>
      <pin>
        <num>17A</num>
        <x>312</x>
        <y>8</y>
      </pin>
      <pin>
        <num>18A</num>
        <x>296</x>
        <y>8</y>
      </pin>
      <pin>
        <num>19A</num>
        <x>280</x>
        <y>8</y>
      </pin>
      <pin>
        <num>20A</num>
        <x>264</x>
        <y>8</y>
      </pin>
      <pin>
        <num>21A</num>
        <x>248</x>
        <y>8</y>
      </pin>
      <pin>
        <num>22A</num>
        <x>232</x>
        <y>8</y>
      </pin>
      <pin>
        <num>23A</num>
        <x>216</x>
        <y>8</y>
      </pin>
      <pin>
        <num>24A</num>
        <x>200</x>
        <y>8</y>
      </pin>
      <pin>
        <num>25A</num>
        <x>184</x>
        <y>8</y>
      </pin>
      <pin>
        <num>26A</num>
        <x>168</x>
        <y>8</y>
      </pin>
      <pin>
        <num>27A</num>
        <x>152</x>
        <y>8</y>
      </pin>
      <pin>
        <num>28A</num>
        <x>136</x>
        <y>8</y>
      </pin>
      <pin>
        <num>29A</num>
        <x>120</x>
        <y>8</y>
      </pin>
      <pin>
        <num>30A</num>
        <x>104</x>
        <y>8</y>
      </pin>
      <pin>
        <num>31A</num>
        <x>88</x>
        <y>8</y>
      </pin>
      <pin>
        <num>32A</num>
        <x>72</x>
        <y>8</y>
      </pin>
      <pin>
        <num>1B</num>
        <x>568</x>
        <y>24</y>
      </pin>
      <pin>
        <num>2B</num>
        <x>552</x>
        <y>24</y>
      </pin>
      <pin>
        <num>3B</num>
        <x>536</x>
        <y>24</y>
      </pin>
      <pin>
        <num>4B</num>
        <x>520</x>
        <y>24</y>
      </pin>
      <pin>
        <num>5B</num>
        <x>504</x>
        <y>24</y>
      </pin>
      <pin>
        <num>6B</num>
        <x>488</x>
        <y>24</y>
      </pin>
      <pin>
        <num>7B</num>
        <x>472</x>
        <y>24</y>
      </pin>
      <pin>
        <num>8B</num>
        <x>456</x>
        <y>24</y>
      </pin>
      <pin>
        <num>9B</num>
        <x>440</x>
        <y>24</y>
      </pin>
      <pin>
        <num>10B</num>
        <x>424</x>
        <y>24</y>
      </pin>
      <pin>
        <num>11B</num>
        <x>408</x>
        <y>24</y>
      </pin>
      <pin>
        <num>12B</num>
        <x>392</x>
        <y>24</y>
      </pin>
      <pin>
        <num>13B</num>
        <x>376</x>
        <y>24</y>
      </pin>
      <pin>
        <num>14B</num>
        <x>360</x>
        <y>24</y>
      </pin>
      <pin>
        <num>15B</num>
        <x>344</x>
        <y>24</y>
      </pin>
      <pin>
        <num>16B</num>
        <x>328</x>
        <y>24</y>
      </pin>
      <pin>
        <num>17B</num>
        <x>312</x>
        <y>24</y>
      </pin>
      <pin>
        <num>18B</num>
        <x>296</x>
        <y>24</y>
      </pin>
      <pin>
        <num>19B</num>
        <x>280</x>
        <y>24</y>
      </pin>
      <pin>
        <num>20B</num>
        <x>264</x>
        <y>24</y>
      </pin>
      <pin>
        <num>21B</num>
        <x>248</x>
        <y>24</y>
      </pin>
      <pin>
        <num>22B</num>
        <x>232</x>
        <y>24</y>
      </pin>
      <pin>
        <num>23B</num>
        <x>216</x>
        <y>24</y>
      </pin>
      <pin>
        <num>24B</num>
        <x>200</x>
        <y>24</y>
      </pin>
      <pin>
        <num>25B</num>
        <x>184</x>
        <y>24</y>
      </pin>
      <pin>
        <num>26B</num>
        <x>168</x>
        <y>24</y>
      </pin>
      <pin>
        <num>27B</num>
        <x>152</x>
        <y>24</y>
      </pin>
      <pin>
        <num>28B</num>
        <x>136</x>
        <y>24</y>
      </pin>
      <pin>
        <num>29B</num>
        <x>120</x>
        <y>24</y>
      </pin>
      <pin>
        <num>30B</num>
        <x>104</x>
        <y>24</y>
      </pin>
      <pin>
        <num>31B</num>
        <x>88</x>
        <y>24</y>
      </pin>
      <pin>
        <num>32B</num>
        <x>72</x>
        <y>24</y>
      </pin>
      <pin>
        <num>1C</num>
        <x>568</x>
        <y>40</y>
      </pin>
      <pin>
        <num>2C</num>
        <x>552</x>
        <y>40</y>
      </pin>
      <pin>
        <num>3C</num>
        <x>536</x>
        <y>40</y>
      </pin>
      <pin>
        <num>4C</num>
        <x>520</x>
        <y>40</y>
      </pin>
      <pin>
        <num>5C</num>
        <x>504</x>
        <y>40</y>
      </pin>
      <pin>
        <num>6C</num>
        <x>488</x>
        <y>40</y>
      </pin>
      <pin>
        <num>7C</num>
        <x>472</x>
        <y>40</y>
      </pin>
      <pin>
        <num>8C</num>
        <x>456</x>
        <y>40</y>
      </pin>
      <pin>
        <num>9C</num>
        <x>440</x>
        <y>40</y>
      </pin>
      <pin>
        <num>10C</num>
        <x>424</x>
        <y>40</y>
      </pin>
      <pin>
        <num>11C</num>
        <x>408</x>
        <y>40</y>
      </pin>
      <pin>
        <num>12C</num>
        <x>392</x>
        <y>40</y>
      </pin>
      <pin>
        <num>13C</num>
        <x>376</x>
        <y>40</y>
      </pin>
      <pin>
        <num>14C</num>
        <x>360</x>
        <y>40</y>
      </pin>
      <pin>
        <num>15C</num>
        <x>344</x>
        <y>40</y>
      </pin>
      <pin>
        <num>16C</num>
        <x>328</x>
        <y>40</y>
      </pin>
      <pin>
        <num>17C</num>
        <x>312</x>
        <y>40</y>
      </pin>
      <pin>
        <num>18C</num>
        <x>296</x>
        <y>40</y>
      </pin>
      <pin>
        <num>19C</num>
        <x>280</x>
        <y>40</y>
      </pin>
      <pin>
        <num>20C</num>
        <x>264</x>
        <y>40</y>
      </pin>
      <pin>
        <num>21C</num>
        <x>248</x>
        <y>40</y>
      </pin>
      <pin>
        <num>22C</num>
        <x>232</x>
        <y>40</y>
      </pin>
      <pin>
        <num>23C</num>
        <x>216</x>
        <y>40</y>
      </pin>
      <pin>
        <num>24C</num>
        <x>200</x>
        <y>40</y>
      </pin>
      <pin>
        <num>25C</num>
        <x>184</x>
        <y>40</y>
      </pin>
      <pin>
        <num>26C</num>
        <x>168</x>
        <y>40</y>
      </pin>
      <pin>
        <num>27C</num>
        <x>152</x>
        <y>40</y>
      </pin>
      <pin>
        <num>28C</num>
        <x>136</x>
        <y>40</y>
      </pin>
      <pin>
        <num>29C</num>
        <x>120</x>
        <y>40</y>
      </pin>
      <pin>
        <num>30C</num>
        <x>104</x>
        <y>40</y>
      </pin>
      <pin>
        <num>31C</num>
        <x>88</x>
        <y>40</y>
      </pin>
      <pin>
        <num>32C</num>
        <x>72</x>
        <y>40</y>
      </pin>
    </connections>

    <sebulli-pin1>56,8</sebulli-pin1>
    <sebulli-pins>32,0/31*-1,0/31,1/31*-1,0/31,1/31*-1,0</sebulli-pins>
    <sebulli-pinnames>%32</sebulli-pinnames>
</part>
