<?xml version="1.0" encoding="UTF-8" standalone="yes"?>

<!--

  This file describes an electronic component for the
  open source project BlackBoard breadboard designer.
  Visit http://blackboard.serverpool.org/ for more
  information and additional components.

-->

<part>
    <author>Gerd Bartelt - www.sebulli.com</author>
    <license>Creative Commons Attribution 3.0 Unported License(CC BY 3.0)</license>
    <width>128</width>
    <height>48</height>
    <xLoc>0</xLoc>
    <yLoc>0</yLoc>
    <name>BridgeRect 3.5x19mm</name>
    <imageName>d_BridgeRect_3.5x19mm.png</imageName>
    <description>Bridge rectifier, eg. B80C1500</description>
    <packageType>RECTIFIER</packageType>
    <rotation>0</rotation>
    <designator>BR</designator>

    <connections>
      <pin>
        <num>N</num>
        <x>8</x>
        <y>24</y>
      </pin>
      <pin>
        <num>AC</num>
        <x>40</x>
        <y>24</y>
      </pin>
      <pin>
        <num>P</num>
        <x>72</x>
        <y>24</y>
      </pin>
      <pin>
        <num>AC</num>
        <x>104</x>
        <y>24</y>
      </pin>
    </connections>

    <sebulli-pin1>8,24</sebulli-pin1>
    <sebulli-pins>0,0/2,0/2,0/2,0</sebulli-pins>
    <sebulli-pinnames>N,AC,P,AC</sebulli-pinnames>
</part>
