<?xml version="1.0" encoding="UTF-8" standalone="yes"?>

<!--

  This file describes an electronic component for the
  open source project BlackBoard breadboard designer.
  Visit http://blackboard.serverpool.org/ for more
  information and additional components.

-->

<part>
    <author>Gerd Bartelt - www.sebulli.com</author>
    <license>Creative Commons Attribution 3.0 Unported License(CC BY 3.0)</license>
    <width>208</width>
    <height>48</height>
    <xLoc>0</xLoc>
    <yLoc>0</yLoc>
    <name>BridgeRect 5.6x32mm</name>
    <imageName>d_BridgeRect_5.6x32mm.png</imageName>
    <description>Bridge rectifier, eg. B80C5000</description>
    <packageType>RECTIFIER</packageType>
    <rotation>0</rotation>
    <designator>BR</designator>

    <connections>
      <pin>
        <num>N</num>
        <x>24</x>
        <y>24</y>
      </pin>
      <pin>
        <num>AC</num>
        <x>72</x>
        <y>24</y>
      </pin>
      <pin>
        <num>AC</num>
        <x>120</x>
        <y>24</y>
      </pin>
      <pin>
        <num>P</num>
        <x>184</x>
        <y>24</y>
      </pin>
    </connections>

    <sebulli-pin1>24,24</sebulli-pin1>
    <sebulli-pins>0,0/3,0/3,0/4,0</sebulli-pins>
    <sebulli-pinnames>N,AC,AC,P</sebulli-pinnames>
</part>
