<?xml version="1.0" encoding="UTF-8" standalone="yes"?>

<!--

  This file describes an electronic component for the
  open source project BlackBoard breadboard designer.
  Visit http://blackboard.serverpool.org/ for more
  information and additional components.

-->

<part>
    <author>Gerd Bartelt - www.sebulli.com</author>
    <license>Creative Commons Attribution 3.0 Unported License(CC BY 3.0)</license>
    <width>80</width>
    <height>144</height>
    <xLoc>0</xLoc>
    <yLoc>0</yLoc>
    <name>d_TO220</name>
    <imageName>d_TO220.png</imageName>
    <description>Diode 2 Pin TO220</description>
    <packageType>TO</packageType>
    <rotation>0</rotation>
    <designator>D</designator>

    <connections>
      <pin>
        <num>K</num>
        <x>24</x>
        <y>136</y>
      </pin>
      <pin>
        <num>A</num>
        <x>56</x>
        <y>136</y>
      </pin>
    </connections>

    <sebulli-pin1>24,136</sebulli-pin1>
    <sebulli-pins>0,0/2,0</sebulli-pins>
    <sebulli-pinnames>K,A</sebulli-pinnames>
</part>
