<?xml version="1.0" encoding="UTF-8" standalone="yes"?>

<!--

  This file describes an electronic component for the
  open source project BlackBoard breadboard designer.
  Visit http://blackboard.serverpool.org/ for more
  information and additional components.

-->

<part>
    <author>Gerd Bartelt - www.sebulli.com</author>
    <license>Creative Commons Attribution 3.0 Unported License(CC BY 3.0)</license>
    <width>112</width>
    <height>224</height>
    <xLoc>0</xLoc>
    <yLoc>0</yLoc>
    <name>DIL-Socket 28</name>
    <imageName>ic_socket_dil28.png</imageName>
    <description>ic socket</description>
    <packageType>DIL 28</packageType>
    <rotation>0</rotation>
    <designator>MP</designator>

    <connections>
      <pin>
        <num>1</num>
        <x>8</x>
        <y>8</y>
      </pin>
      <pin>
        <num>2</num>
        <x>8</x>
        <y>24</y>
      </pin>
      <pin>
        <num>3</num>
        <x>8</x>
        <y>40</y>
      </pin>
      <pin>
        <num>4</num>
        <x>8</x>
        <y>56</y>
      </pin>
      <pin>
        <num>5</num>
        <x>8</x>
        <y>72</y>
      </pin>
      <pin>
        <num>6</num>
        <x>8</x>
        <y>88</y>
      </pin>
      <pin>
        <num>7</num>
        <x>8</x>
        <y>104</y>
      </pin>
      <pin>
        <num>8</num>
        <x>8</x>
        <y>120</y>
      </pin>
      <pin>
        <num>9</num>
        <x>8</x>
        <y>136</y>
      </pin>
      <pin>
        <num>10</num>
        <x>8</x>
        <y>152</y>
      </pin>
      <pin>
        <num>11</num>
        <x>8</x>
        <y>168</y>
      </pin>
      <pin>
        <num>12</num>
        <x>8</x>
        <y>184</y>
      </pin>
      <pin>
        <num>13</num>
        <x>8</x>
        <y>200</y>
      </pin>
      <pin>
        <num>14</num>
        <x>8</x>
        <y>216</y>
      </pin>
      <pin>
        <num>15</num>
        <x>104</x>
        <y>216</y>
      </pin>
      <pin>
        <num>16</num>
        <x>104</x>
        <y>200</y>
      </pin>
      <pin>
        <num>17</num>
        <x>104</x>
        <y>184</y>
      </pin>
      <pin>
        <num>18</num>
        <x>104</x>
        <y>168</y>
      </pin>
      <pin>
        <num>19</num>
        <x>104</x>
        <y>152</y>
      </pin>
      <pin>
        <num>20</num>
        <x>104</x>
        <y>136</y>
      </pin>
      <pin>
        <num>21</num>
        <x>104</x>
        <y>120</y>
      </pin>
      <pin>
        <num>22</num>
        <x>104</x>
        <y>104</y>
      </pin>
      <pin>
        <num>23</num>
        <x>104</x>
        <y>88</y>
      </pin>
      <pin>
        <num>24</num>
        <x>104</x>
        <y>72</y>
      </pin>
      <pin>
        <num>25</num>
        <x>104</x>
        <y>56</y>
      </pin>
      <pin>
        <num>26</num>
        <x>104</x>
        <y>40</y>
      </pin>
      <pin>
        <num>27</num>
        <x>104</x>
        <y>24</y>
      </pin>
      <pin>
        <num>28</num>
        <x>104</x>
        <y>8</y>
      </pin>
    </connections>

    <sebulli-pin1>8,8</sebulli-pin1>
    <sebulli-pins>0,0/13*0,1/6,0/13*0,-1</sebulli-pins>
</part>
