<?xml version="1.0" encoding="UTF-8" standalone="yes"?>

<!--

  This file describes an electronic component for the
  open source project BlackBoard breadboard designer.
  Visit http://blackboard.serverpool.org/ for more
  information and additional components.

-->

<part>
    <author>Gerd Bartelt - www.sebulli.com</author>
    <license>Creative Commons Attribution 3.0 Unported License(CC BY 3.0)</license>
    <width>144</width>
    <height>192</height>
    <xLoc>0</xLoc>
    <yLoc>0</yLoc>
    <name>AlphaNum 20x27.7mm</name>
    <imageName>o_AlphaNum_20x27.7mm.png</imageName>
    <description>alpha numeric display</description>
    <packageType>LEDDISPLAY</packageType>
    <rotation>0</rotation>
    <designator>DS</designator>

    <connections>
      <pin>
        <num>1</num>
        <x>24</x>
        <y>24</y>
      </pin>
      <pin>
        <num>2</num>
        <x>24</x>
        <y>40</y>
      </pin>
      <pin>
        <num>3</num>
        <x>24</x>
        <y>56</y>
      </pin>
      <pin>
        <num>4</num>
        <x>24</x>
        <y>72</y>
      </pin>
      <pin>
        <num>5</num>
        <x>24</x>
        <y>88</y>
      </pin>
      <pin>
        <num>6</num>
        <x>24</x>
        <y>104</y>
      </pin>
      <pin>
        <num>7</num>
        <x>24</x>
        <y>120</y>
      </pin>
      <pin>
        <num>8</num>
        <x>24</x>
        <y>-7</y>
      </pin>
      <pin>
        <num>9</num>
        <x>24</x>
        <y>-22</y>
      </pin>
      <pin>
        <num>10</num>
        <x>24</x>
        <y>-37</y>
      </pin>
      <pin>
        <num>11</num>
        <x>24</x>
        <y>-52</y>
      </pin>
      <pin>
        <num>12</num>
        <x>24</x>
        <y>-67</y>
      </pin>
      <pin>
        <num>13</num>
        <x>24</x>
        <y>-82</y>
      </pin>
      <pin>
        <num>14</num>
        <x>24</x>
        <y>-97</y>
      </pin>
    </connections>

    <sebulli-pin1>24,24</sebulli-pin1>
    <sebulli-pins>0,0/6*0,1/0,-8/6*0,-1</sebulli-pins>
</part>
