<?xml version="1.0" encoding="UTF-8" standalone="yes"?>

<!--

  This file describes an electronic component for the
  open source project BlackBoard breadboard designer.
  Visit http://blackboard.serverpool.org/ for more
  information and additional components.

-->

<part>
    <author>Gerd Bartelt - www.sebulli.com</author>
    <license>Creative Commons Attribution 3.0 Unported License(CC BY 3.0)</license>
    <width>320</width>
    <height>64</height>
    <xLoc>0</xLoc>
    <yLoc>0</yLoc>
    <name>Bar20 10.16x50.7mm</name>
    <imageName>o_Bar20_10.16x50.7mm.png</imageName>
    <description>20 LEDs bargraph</description>
    <packageType>BARGRAPH</packageType>
    <rotation>0</rotation>
    <designator>DS</designator>

    <connections>
      <pin>
        <num>1</num>
        <x>8</x>
        <y>8</y>
      </pin>
      <pin>
        <num>2</num>
        <x>24</x>
        <y>8</y>
      </pin>
      <pin>
        <num>3</num>
        <x>40</x>
        <y>8</y>
      </pin>
      <pin>
        <num>4</num>
        <x>56</x>
        <y>8</y>
      </pin>
      <pin>
        <num>5</num>
        <x>72</x>
        <y>8</y>
      </pin>
      <pin>
        <num>6</num>
        <x>88</x>
        <y>8</y>
      </pin>
      <pin>
        <num>7</num>
        <x>104</x>
        <y>8</y>
      </pin>
      <pin>
        <num>8</num>
        <x>120</x>
        <y>8</y>
      </pin>
      <pin>
        <num>9</num>
        <x>136</x>
        <y>8</y>
      </pin>
      <pin>
        <num>10</num>
        <x>152</x>
        <y>8</y>
      </pin>
      <pin>
        <num>11</num>
        <x>168</x>
        <y>8</y>
      </pin>
      <pin>
        <num>12</num>
        <x>184</x>
        <y>8</y>
      </pin>
      <pin>
        <num>13</num>
        <x>200</x>
        <y>8</y>
      </pin>
      <pin>
        <num>14</num>
        <x>216</x>
        <y>8</y>
      </pin>
      <pin>
        <num>15</num>
        <x>232</x>
        <y>8</y>
      </pin>
      <pin>
        <num>16</num>
        <x>248</x>
        <y>8</y>
      </pin>
      <pin>
        <num>17</num>
        <x>264</x>
        <y>8</y>
      </pin>
      <pin>
        <num>18</num>
        <x>280</x>
        <y>8</y>
      </pin>
      <pin>
        <num>19</num>
        <x>296</x>
        <y>8</y>
      </pin>
      <pin>
        <num>20</num>
        <x>312</x>
        <y>8</y>
      </pin>
      <pin>
        <num>21</num>
        <x>312</x>
        <y>56</y>
      </pin>
      <pin>
        <num>22</num>
        <x>296</x>
        <y>56</y>
      </pin>
      <pin>
        <num>23</num>
        <x>280</x>
        <y>56</y>
      </pin>
      <pin>
        <num>24</num>
        <x>264</x>
        <y>56</y>
      </pin>
      <pin>
        <num>25</num>
        <x>248</x>
        <y>56</y>
      </pin>
      <pin>
        <num>26</num>
        <x>232</x>
        <y>56</y>
      </pin>
      <pin>
        <num>27</num>
        <x>216</x>
        <y>56</y>
      </pin>
      <pin>
        <num>28</num>
        <x>200</x>
        <y>56</y>
      </pin>
      <pin>
        <num>29</num>
        <x>184</x>
        <y>56</y>
      </pin>
      <pin>
        <num>30</num>
        <x>168</x>
        <y>56</y>
      </pin>
      <pin>
        <num>31</num>
        <x>152</x>
        <y>56</y>
      </pin>
      <pin>
        <num>32</num>
        <x>136</x>
        <y>56</y>
      </pin>
      <pin>
        <num>33</num>
        <x>120</x>
        <y>56</y>
      </pin>
      <pin>
        <num>34</num>
        <x>104</x>
        <y>56</y>
      </pin>
      <pin>
        <num>35</num>
        <x>88</x>
        <y>56</y>
      </pin>
      <pin>
        <num>36</num>
        <x>72</x>
        <y>56</y>
      </pin>
      <pin>
        <num>37</num>
        <x>56</x>
        <y>56</y>
      </pin>
      <pin>
        <num>38</num>
        <x>40</x>
        <y>56</y>
      </pin>
      <pin>
        <num>39</num>
        <x>24</x>
        <y>56</y>
      </pin>
      <pin>
        <num>40</num>
        <x>8</x>
        <y>56</y>
      </pin>
    </connections>

    <sebulli-pin1>8,8</sebulli-pin1>
    <sebulli-pins>0,0/19*1,0/0,3/19*-1,0</sebulli-pins>
</part>
