<?xml version="1.0" encoding="UTF-8" standalone="yes"?>

<!--

  This file describes an electronic component for the
  open source project BlackBoard breadboard designer.
  Visit http://blackboard.serverpool.org/ for more
  information and additional components.

-->

<part>
    <author>Gerd Bartelt - www.sebulli.com</author>
    <license>Creative Commons Attribution 3.0 Unported License(CC BY 3.0)</license>
    <width>80</width>
    <height>80</height>
    <xLoc>0</xLoc>
    <yLoc>0</yLoc>
    <name>BPW21</name>
    <imageName>o_BPW21.png</imageName>
    <description>BPW21 photo diode</description>
    <packageType>PHOTODIODE</packageType>
    <rotation>0</rotation>
    <designator>D</designator>

    <connections>
      <pin>
        <num>1</num>
        <x>40</x>
        <y>24</y>
      </pin>
      <pin>
        <num>2</num>
        <x>40</x>
        <y>56</y>
      </pin>
    </connections>

    <sebulli-pin1>40,24</sebulli-pin1>
    <sebulli-pins>0,0/0,2</sebulli-pins>
</part>
