<?xml version="1.0" encoding="UTF-8" standalone="yes"?>

<!--

  This file describes an electronic component for the
  open source project BlackBoard breadboard designer.
  Visit http://blackboard.serverpool.org/ for more
  information and additional components.

-->

<part>
    <author>Gerd Bartelt - www.sebulli.com</author>
    <license>Creative Commons Attribution 3.0 Unported License(CC BY 3.0)</license>
    <width>160</width>
    <height>64</height>
    <xLoc>0</xLoc>
    <yLoc>0</yLoc>
    <name>CNY37</name>
    <imageName>o_CNY37.png</imageName>
    <description>CNY37 photo sensor</description>
    <packageType>PHOTOSENSOR</packageType>
    <rotation>0</rotation>
    <designator>T</designator>

    <connections>
      <pin>
        <num>1</num>
        <x>56</x>
        <y>24</y>
      </pin>
      <pin>
        <num>2</num>
        <x>56</x>
        <y>40</y>
      </pin>
      <pin>
        <num>3</num>
        <x>104</x>
        <y>24</y>
      </pin>
      <pin>
        <num>4</num>
        <x>104</x>
        <y>40</y>
      </pin>
    </connections>

    <sebulli-pin1>56,24</sebulli-pin1>
    <sebulli-pins>0,0/0,1/3,-1/0,1</sebulli-pins>
</part>
