<?xml version="1.0" encoding="UTF-8" standalone="yes"?>

<!--

  This file describes an electronic component for the
  open source project BlackBoard breadboard designer.
  Visit http://blackboard.serverpool.org/ for more
  information and additional components.

-->

<part>
    <author>Gerd Bartelt - www.sebulli.com</author>
    <license>Creative Commons Attribution 3.0 Unported License(CC BY 3.0)</license>
    <width>48</width>
    <height>48</height>
    <xLoc>0</xLoc>
    <yLoc>0</yLoc>
    <name>Trim 6mm</name>
    <imageName>pot_Trim_6mm.png</imageName>
    <description>Potentiometer 6mm</description>
    <packageType>POTENTIOMETER</packageType>
    <rotation>0</rotation>
    <designator>VR</designator>

    <connections>
      <pin>
        <num>1</num>
        <x>8</x>
        <y>40</y>
      </pin>
      <pin>
        <num>2</num>
        <x>24</x>
        <y>8</y>
      </pin>
      <pin>
        <num>3</num>
        <x>40</x>
        <y>40</y>
      </pin>
    </connections>

    <sebulli-pin1>8,40</sebulli-pin1>
    <sebulli-pins>0,0/1,-2/1,2</sebulli-pins>
</part>
