<?xml version="1.0" encoding="UTF-8" standalone="yes"?>

<!--

  This file describes an electronic component for the
  open source project BlackBoard breadboard designer.
  Visit http://blackboard.serverpool.org/ for more
  information and additional components.

-->

<part>
    <author>Gerd Bartelt - www.sebulli.com</author>
    <license>Creative Commons Attribution 3.0 Unported License(CC BY 3.0)</license>
    <width>80</width>
    <height>48</height>
    <xLoc>0</xLoc>
    <yLoc>0</yLoc>
    <name>Trim 10mm V</name>
    <imageName>pot_Trim_10mm_V.png</imageName>
    <description>Potentiometer 10mm vertical</description>
    <packageType>POTENTIOMETER</packageType>
    <rotation>0</rotation>
    <designator>VR</designator>

    <connections>
      <pin>
        <num>1</num>
        <x>24</x>
        <y>40</y>
      </pin>
      <pin>
        <num>2</num>
        <x>40</x>
        <y>24</y>
      </pin>
      <pin>
        <num>3</num>
        <x>56</x>
        <y>40</y>
      </pin>
    </connections>

    <sebulli-pin1>24,40</sebulli-pin1>
    <sebulli-pins>0,0/1,-1/1,1</sebulli-pins>
</part>
