<?xml version="1.0" encoding="UTF-8" standalone="yes"?>

<!--

  This file describes an electronic component for the
  open source project BlackBoard breadboard designer.
  Visit http://blackboard.serverpool.org/ for more
  information and additional components.

-->

<part>
    <author>Gerd Bartelt - www.sebulli.com</author>
    <license>Creative Commons Attribution 3.0 Unported License(CC BY 3.0)</license>
    <width>112</width>
    <height>112</height>
    <xLoc>0</xLoc>
    <yLoc>0</yLoc>
    <name>Trim Rotor 15mm</name>
    <imageName>pot_Trim_Rotor_15mm.png</imageName>
    <description>Potentiometer 15mm with rotor</description>
    <packageType>POTENTIOMETER</packageType>
    <rotation>0</rotation>
    <designator>VR</designator>

    <connections>
      <pin>
        <num>1</num>
        <x>24</x>
        <y>104</y>
      </pin>
      <pin>
        <num>2</num>
        <x>56</x>
        <y>24</y>
      </pin>
      <pin>
        <num>3</num>
        <x>88</x>
        <y>104</y>
      </pin>
    </connections>

    <sebulli-pin1>24,104</sebulli-pin1>
    <sebulli-pins>0,0/2,-5/2,5</sebulli-pins>
</part>
