<?xml version="1.0" encoding="UTF-8" standalone="yes"?>

<!--

  This file describes an electronic component for the
  open source project BlackBoard breadboard designer.
  Visit http://blackboard.serverpool.org/ for more
  information and additional components.

-->

<part>
    <author>Gerd Bartelt - www.sebulli.com</author>
    <license>Creative Commons Attribution 3.0 Unported License(CC BY 3.0)</license>
    <width>112</width>
    <height>64</height>
    <xLoc>0</xLoc>
    <yLoc>0</yLoc>
    <name>OSC DIP 14_2</name>
    <imageName>q_OSC_DIP14_2.png</imageName>
    <description>Oscillator in DIP14 plastic package</description>
    <packageType>OSCDIP</packageType>
    <rotation>0</rotation>
    <designator>Y</designator>

    <connections>
      <pin>
        <num>1</num>
        <x>8</x>
        <y>8</y>
      </pin>
      <pin>
        <num>7</num>
        <x>104</x>
        <y>8</y>
      </pin>
      <pin>
        <num>8</num>
        <x>8</x>
        <y>56</y>
      </pin>
      <pin>
        <num>14</num>
        <x>104</x>
        <y>56</y>
      </pin>
    </connections>

    <sebulli-pin1>8,8</sebulli-pin1>
    <sebulli-pins>0,0/6,0/-6,3/6,0</sebulli-pins>
    <sebulli-pinnames>1,7,8,14</sebulli-pinnames>
</part>
