<?xml version="1.0" encoding="UTF-8" standalone="yes"?>

<!--

  This file describes an electronic component for the
  open source project BlackBoard breadboard designer.
  Visit http://blackboard.serverpool.org/ for more
  information and additional components.

-->

<part>
    <author>Gerd Bartelt - www.sebulli.com</author>
    <license>Creative Commons Attribution 3.0 Unported License(CC BY 3.0)</license>
    <width>80</width>
    <height>48</height>
    <xLoc>0</xLoc>
    <yLoc>0</yLoc>
    <name>RES 3Pin R2.5 10x5</name>
    <imageName>q_RES_3Pin_R2.5_10x5mm.png</imageName>
    <description>Resonator 3pin  R2.5mm 10x5mm</description>
    <packageType>RESONATOR</packageType>
    <rotation>0</rotation>
    <designator>Y</designator>

    <connections>
      <pin>
        <num>1</num>
        <x>24</x>
        <y>24</y>
      </pin>
      <pin>
        <num>2</num>
        <x>40</x>
        <y>24</y>
      </pin>
      <pin>
        <num>3</num>
        <x>56</x>
        <y>24</y>
      </pin>
    </connections>

    <sebulli-pin1>24,24</sebulli-pin1>
    <sebulli-pins>0,0/1,0/1,0</sebulli-pins>
</part>
