<?xml version="1.0" encoding="UTF-8" standalone="yes"?>

<!--

  This file describes an electronic component for the
  open source project BlackBoard breadboard designer.
  Visit http://blackboard.serverpool.org/ for more
  information and additional components.

-->

<part>
    <author>Gerd Bartelt - www.sebulli.com</author>
    <license>Creative Commons Attribution 3.0 Unported License(CC BY 3.0)</license>
    <width>80</width>
    <height>48</height>
    <xLoc>0</xLoc>
    <yLoc>0</yLoc>
    <name>Relay 7.4x12.5mm</name>
    <imageName>rel_Relay_7.4x12.5mm.png</imageName>
    <description>Relay 7.4x12.5mm</description>
    <packageType>RELAY</packageType>
    <rotation>0</rotation>
    <designator>K</designator>

    <connections>
      <pin>
        <num>1</num>
        <x>8</x>
        <y>40</y>
      </pin>
      <pin>
        <num>2</num>
        <x>24</x>
        <y>40</y>
      </pin>
      <pin>
        <num>4</num>
        <x>72</x>
        <y>40</y>
      </pin>
      <pin>
        <num>5</num>
        <x>72</x>
        <y>8</y>
      </pin>
      <pin>
        <num>7</num>
        <x>56</x>
        <y>8</y>
      </pin>
      <pin>
        <num>8</num>
        <x>8</x>
        <y>8</y>
      </pin>
    </connections>

    <sebulli-pin1>8,8</sebulli-pin1>
    <sebulli-pins>0,2/1,0/3,0/0,-2/-1,0/-3,0</sebulli-pins>
    <sebulli-pinnames>1,2,4,5,7,8</sebulli-pinnames>
</part>
