<?xml version="1.0" encoding="UTF-8" standalone="yes"?>

<!--

  This file describes an electronic component for the
  open source project BlackBoard breadboard designer.
  Visit http://blackboard.serverpool.org/ for more
  information and additional components.

-->

<part>
    <author>Gerd Bartelt - www.sebulli.com</author>
    <license>Creative Commons Attribution 3.0 Unported License(CC BY 3.0)</license>
    <width>32</width>
    <height>16</height>
    <xLoc>0</xLoc>
    <yLoc>0</yLoc>
    <name>SMD R0805</name>
    <imageName>smd_R0805.png</imageName>
    <description>SMD resistor 0805</description>
    <packageType>SMD</packageType>
    <rotation>0</rotation>
    <designator>R</designator>
</part>
