<?xml version="1.0" encoding="UTF-8" standalone="yes"?>

<!--

  This file describes an electronic component for the
  open source project BlackBoard breadboard designer.
  Visit http://blackboard.serverpool.org/ for more
  information and additional components.

-->

<part>
    <author>Gerd Bartelt - www.sebulli.com</author>
    <license>Creative Commons Attribution 3.0 Unported License(CC BY 3.0)</license>
    <width>64</width>
    <height>64</height>
    <xLoc>0</xLoc>
    <yLoc>0</yLoc>
    <name>SW DIP 2</name>
    <imageName>sw_DIP_2.png</imageName>
    <description>Switch DIP 2</description>
    <packageType>SWITCHDIP</packageType>
    <rotation>0</rotation>
    <designator>S</designator>

    <connections>
      <pin>
        <num>1A</num>
        <x>24</x>
        <y>8</y>
      </pin>
      <pin>
        <num>2A1B</num>
        <x>40</x>
        <y>8</y>
      </pin>
      <pin>
        <num>2B</num>
        <x>24</x>
        <y>56</y>
      </pin>
      <pin>
        <num>4</num>
        <x>40</x>
        <y>56</y>
      </pin>
    </connections>

    <sebulli-pin1>24,8</sebulli-pin1>
    <sebulli-pins>0,0/1,0/-1,3/1,0</sebulli-pins>
    <sebulli-pinnames>1A,2A1B,2B</sebulli-pinnames>
</part>
