<?xml version="1.0" encoding="UTF-8" standalone="yes"?>

<!--

  This file describes an electronic component for the
  open source project BlackBoard breadboard designer.
  Visit http://blackboard.serverpool.org/ for more
  information and additional components.

-->

<part>
    <author>Gerd Bartelt - www.sebulli.com</author>
    <license>Creative Commons Attribution 3.0 Unported License(CC BY 3.0)</license>
    <width>192</width>
    <height>64</height>
    <xLoc>0</xLoc>
    <yLoc>0</yLoc>
    <name>SW DIP 10</name>
    <imageName>sw_DIP_10.png</imageName>
    <description>Switch DIP 10</description>
    <packageType>SWITCHDIP</packageType>
    <rotation>0</rotation>
    <designator>S</designator>

    <connections>
      <pin>
        <num>1A</num>
        <x>24</x>
        <y>8</y>
      </pin>
      <pin>
        <num>2A</num>
        <x>40</x>
        <y>8</y>
      </pin>
      <pin>
        <num>3A</num>
        <x>56</x>
        <y>8</y>
      </pin>
      <pin>
        <num>4A</num>
        <x>72</x>
        <y>8</y>
      </pin>
      <pin>
        <num>5A</num>
        <x>88</x>
        <y>8</y>
      </pin>
      <pin>
        <num>6A</num>
        <x>104</x>
        <y>8</y>
      </pin>
      <pin>
        <num>7A</num>
        <x>120</x>
        <y>8</y>
      </pin>
      <pin>
        <num>8A</num>
        <x>136</x>
        <y>8</y>
      </pin>
      <pin>
        <num>9A</num>
        <x>152</x>
        <y>8</y>
      </pin>
      <pin>
        <num>10A</num>
        <x>168</x>
        <y>8</y>
      </pin>
      <pin>
        <num>1B</num>
        <x>24</x>
        <y>56</y>
      </pin>
      <pin>
        <num>2B</num>
        <x>40</x>
        <y>56</y>
      </pin>
      <pin>
        <num>3B</num>
        <x>56</x>
        <y>56</y>
      </pin>
      <pin>
        <num>4B</num>
        <x>72</x>
        <y>56</y>
      </pin>
      <pin>
        <num>5B</num>
        <x>88</x>
        <y>56</y>
      </pin>
      <pin>
        <num>6B</num>
        <x>104</x>
        <y>56</y>
      </pin>
      <pin>
        <num>7B</num>
        <x>120</x>
        <y>56</y>
      </pin>
      <pin>
        <num>8B</num>
        <x>136</x>
        <y>56</y>
      </pin>
      <pin>
        <num>9B</num>
        <x>152</x>
        <y>56</y>
      </pin>
      <pin>
        <num>10B</num>
        <x>168</x>
        <y>56</y>
      </pin>
    </connections>

    <sebulli-pin1>24,8</sebulli-pin1>
    <sebulli-pins>0,0/9*1,0/-9,3/9*1,0</sebulli-pins>
    <sebulli-pinnames>1A,2A,3A,4A,5A,6A,7A,8A,9A,10A,1B,2B,3B,4B,5B,6B,7B,8B,9B,10B</sebulli-pinnames>
</part>
