<?xml version="1.0" encoding="UTF-8" standalone="yes"?>
<part>
    <author>Andreas Kraemer - www.andysarcade.de</author>
    <license>Creative Commons Attribution 3.0 Unported License(CC BY 3.0)</license>
    <width>112</width>
    <height>80</height>
    <xLoc>0</xLoc>
    <yLoc>0</yLoc>
    <name>Zeichnung</name>
    <imageName>Zeichnung.png</imageName>
    <description>Switch-SPST</description>
    <packageType>Switch</packageType>
    <rotation>0</rotation>
    <designator>0</designator>
</part>
