<?xml version="1.0" encoding="UTF-8" standalone="yes"?>
<model>
    <filename>NOT-GATE.xml</filename>
    <name>NOT-GATE</name>
    <content>.SUBCKT NOT-GATE 3 7
.MODEL BC548CSIE NPN( AF= 1.00E00 BF= 4.66E02 BR= 2.42E00 CJC= 5.17E-12 CJE= 1.33E-11 CJS= 0.00E00 EG= 1.11E00 FC= 9.00E-01 IKF= 1.80E-01 IKR= 1.00E00 IRB= 1.00E01 IS= 1.95E-14 ISC= 1.00E-13 ISE= 1.31E-15 ITF= 1.03E00 KF= 0.00E00 MJC= 3.19E-01 MJE= 3.26E-01 MJS= 3.30E-01 NC= 2.00E00 NE= 1.32E00 NF= 9.93E-01 NR= 1.20E00 PTF= 0.00E00 RB= 2.65E01 RBM= 1.00E01 RC= 1.73E00 RE= 1.00E00 TF= 6.52E-10 TR= 0.00E00 VAF= 9.17E01 VAR= 2.47E01 VJC= 3.39E-01 VJE= 6.32E-01 VJS= 7.50E-01 VTF= 1.65E00 XCJC= 1.00E00 XTB= 0.00E00 XTF= 1.00E02 XTI= 3.00E00) 
Q1 7 4 0 BC548CSIE
R3 3 4 10k
R4 6 7 1k
VCC 6 0 DC 5.0
.ENDS</content>
    <type>SUBCIRCUIT</type>
</model>
